"Column0","Column1","mol2","name"
"76079_out_ligand_01",7784,".mol2","76079_out_ligand_01.mol2"
"83940_out_ligand_01",7781,".mol2","83940_out_ligand_01.mol2"
"30851_out_ligand_01",7776,".mol2","30851_out_ligand_01.mol2"
"83500_out_ligand_01",7770,".mol2","83500_out_ligand_01.mol2"
"42476_out_ligand_01",7770,".mol2","42476_out_ligand_01.mol2"
"72013_out_ligand_01",7760,".mol2","72013_out_ligand_01.mol2"
"75178_out_ligand_01",7738,".mol2","75178_out_ligand_01.mol2"
"30735_out_ligand_01",7737,".mol2","30735_out_ligand_01.mol2"
"46990_out_ligand_01",7729,".mol2","46990_out_ligand_01.mol2"
"62428_out_ligand_01",7725,".mol2","62428_out_ligand_01.mol2"
"23612_out_ligand_01",7725,".mol2","23612_out_ligand_01.mol2"
"3203_out_ligand_01",7721,".mol2","3203_out_ligand_01.mol2"
"30744_out_ligand_01",7716,".mol2","30744_out_ligand_01.mol2"
"11849_out_ligand_01",7715,".mol2","11849_out_ligand_01.mol2"
"55861_out_ligand_01",7715,".mol2","55861_out_ligand_01.mol2"
"28609_out_ligand_01",7713,".mol2","28609_out_ligand_01.mol2"
"4162_out_ligand_01",7713,".mol2","4162_out_ligand_01.mol2"
"19603_out_ligand_01",7710,".mol2","19603_out_ligand_01.mol2"
"26167_out_ligand_01",7709,".mol2","26167_out_ligand_01.mol2"
"62538_out_ligand_01",7709,".mol2","62538_out_ligand_01.mol2"
"73132_out_ligand_01",7706,".mol2","73132_out_ligand_01.mol2"
"23454_out_ligand_01",7704,".mol2","23454_out_ligand_01.mol2"
"81873_out_ligand_01",7702,".mol2","81873_out_ligand_01.mol2"
"16965_out_ligand_01",7700,".mol2","16965_out_ligand_01.mol2"
"73133_out_ligand_01",7699,".mol2","73133_out_ligand_01.mol2"
"12302_out_ligand_01",7698,".mol2","12302_out_ligand_01.mol2"
"914_out_ligand_01",7696,".mol2","914_out_ligand_01.mol2"
"5122_out_ligand_01",7694,".mol2","5122_out_ligand_01.mol2"
"31160_out_ligand_01",7692,".mol2","31160_out_ligand_01.mol2"
"13055_out_ligand_01",7691,".mol2","13055_out_ligand_01.mol2"
"45722_out_ligand_01",7687,".mol2","45722_out_ligand_01.mol2"
"73100_out_ligand_01",7685,".mol2","73100_out_ligand_01.mol2"
"35553_out_ligand_01",7684,".mol2","35553_out_ligand_01.mol2"
"43390_out_ligand_01",7683,".mol2","43390_out_ligand_01.mol2"
"53791_out_ligand_01",7683,".mol2","53791_out_ligand_01.mol2"
"12617_out_ligand_01",7681,".mol2","12617_out_ligand_01.mol2"
"43236_out_ligand_01",7676,".mol2","43236_out_ligand_01.mol2"
"14386_out_ligand_01",7676,".mol2","14386_out_ligand_01.mol2"
"9706_out_ligand_01",7676,".mol2","9706_out_ligand_01.mol2"
"4956_out_ligand_01",7675,".mol2","4956_out_ligand_01.mol2"
"28583_out_ligand_01",7673,".mol2","28583_out_ligand_01.mol2"
"42455_out_ligand_01",7672,".mol2","42455_out_ligand_01.mol2"
"38041_out_ligand_01",7672,".mol2","38041_out_ligand_01.mol2"
"6440_out_ligand_01",7672,".mol2","6440_out_ligand_01.mol2"
"34489_out_ligand_01",7671,".mol2","34489_out_ligand_01.mol2"
"45344_out_ligand_01",7671,".mol2","45344_out_ligand_01.mol2"
"16654_out_ligand_01",7670,".mol2","16654_out_ligand_01.mol2"
"52561_out_ligand_01",7669,".mol2","52561_out_ligand_01.mol2"
"6174_out_ligand_01",7668,".mol2","6174_out_ligand_01.mol2"
"9676_out_ligand_01",7667,".mol2","9676_out_ligand_01.mol2"
"572_out_ligand_01",7667,".mol2","572_out_ligand_01.mol2"
"39153_out_ligand_01",7665,".mol2","39153_out_ligand_01.mol2"
"76400_out_ligand_01",7664,".mol2","76400_out_ligand_01.mol2"
"73797_out_ligand_01",7663,".mol2","73797_out_ligand_01.mol2"
"tr13502_out_ligand_01",7661,".mol2","tr13502_out_ligand_01.mol2"
"5663_out_ligand_01",7661,".mol2","5663_out_ligand_01.mol2"
"4947_out_ligand_01",7661,".mol2","4947_out_ligand_01.mol2"
"39134_out_ligand_01",7660,".mol2","39134_out_ligand_01.mol2"
"52570_out_ligand_01",7660,".mol2","52570_out_ligand_01.mol2"
"18219_out_ligand_01",7660,".mol2","18219_out_ligand_01.mol2"
"73384_out_ligand_01",7658,".mol2","73384_out_ligand_01.mol2"
"50696_out_ligand_01",7658,".mol2","50696_out_ligand_01.mol2"
"75522_out_ligand_01",7653,".mol2","75522_out_ligand_01.mol2"
"33992_out_ligand_01",7651,".mol2","33992_out_ligand_01.mol2"
"43360_out_ligand_01",7651,".mol2","43360_out_ligand_01.mol2"
"tr13757_out_ligand_01",7650,".mol2","tr13757_out_ligand_01.mol2"
"22940_out_ligand_01",7648,".mol2","22940_out_ligand_01.mol2"
"495_out_ligand_01",7648,".mol2","495_out_ligand_01.mol2"
"43601_out_ligand_01",7646,".mol2","43601_out_ligand_01.mol2"
"57388_out_ligand_01",7646,".mol2","57388_out_ligand_01.mol2"
"tr13710_out_ligand_01",7646,".mol2","tr13710_out_ligand_01.mol2"
"77587_out_ligand_01",7645,".mol2","77587_out_ligand_01.mol2"
"68010_out_ligand_01",7643,".mol2","68010_out_ligand_01.mol2"
"73091_out_ligand_01",7642,".mol2","73091_out_ligand_01.mol2"
"3208_out_ligand_01",7640,".mol2","3208_out_ligand_01.mol2"
"31497_out_ligand_01",7639,".mol2","31497_out_ligand_01.mol2"
"68302_out_ligand_01",7637,".mol2","68302_out_ligand_01.mol2"
"19416_out_ligand_01",7635,".mol2","19416_out_ligand_01.mol2"
"18091_out_ligand_01",7634,".mol2","18091_out_ligand_01.mol2"
"26884_out_ligand_01",7634,".mol2","26884_out_ligand_01.mol2"
"21005_out_ligand_01",7633,".mol2","21005_out_ligand_01.mol2"
"52194_out_ligand_01",7631,".mol2","52194_out_ligand_01.mol2"
"19172_out_ligand_01",7631,".mol2","19172_out_ligand_01.mol2"
"60806_out_ligand_01",7630,".mol2","60806_out_ligand_01.mol2"
"28779_out_ligand_01",7630,".mol2","28779_out_ligand_01.mol2"
"tr13756_out_ligand_01",7630,".mol2","tr13756_out_ligand_01.mol2"
"21382_out_ligand_01",7630,".mol2","21382_out_ligand_01.mol2"
"80224_out_ligand_01",7630,".mol2","80224_out_ligand_01.mol2"
"tr13189_out_ligand_01",7629,".mol2","tr13189_out_ligand_01.mol2"
"75398_out_ligand_01",7626,".mol2","75398_out_ligand_01.mol2"
"11868_out_ligand_01",7625,".mol2","11868_out_ligand_01.mol2"
"68376_out_ligand_01",7623,".mol2","68376_out_ligand_01.mol2"
"12627_out_ligand_01",7622,".mol2","12627_out_ligand_01.mol2"
"tr13522_out_ligand_01",7622,".mol2","tr13522_out_ligand_01.mol2"
"4679_out_ligand_01",7622,".mol2","4679_out_ligand_01.mol2"
"80466_out_ligand_01",7621,".mol2","80466_out_ligand_01.mol2"
"34731_out_ligand_01",7620,".mol2","34731_out_ligand_01.mol2"
"9655_out_ligand_01",7620,".mol2","9655_out_ligand_01.mol2"
"56457_out_ligand_01",7618,".mol2","56457_out_ligand_01.mol2"
"72917_out_ligand_01",7617,".mol2","72917_out_ligand_01.mol2"
"68313_out_ligand_01",7616,".mol2","68313_out_ligand_01.mol2"
"tr13184_out_ligand_01",7614,".mol2","tr13184_out_ligand_01.mol2"
"78256_out_ligand_01",7614,".mol2","78256_out_ligand_01.mol2"
"9104_out_ligand_01",7614,".mol2","9104_out_ligand_01.mol2"
"63600_out_ligand_01",7612,".mol2","63600_out_ligand_01.mol2"
"45617_out_ligand_01",7611,".mol2","45617_out_ligand_01.mol2"
"76548_out_ligand_01",7611,".mol2","76548_out_ligand_01.mol2"
"81379_out_ligand_01",7610,".mol2","81379_out_ligand_01.mol2"
"47194_out_ligand_01",7610,".mol2","47194_out_ligand_01.mol2"
"30175_out_ligand_01",7608,".mol2","30175_out_ligand_01.mol2"
"30650_out_ligand_01",7606,".mol2","30650_out_ligand_01.mol2"
"26744_out_ligand_01",7606,".mol2","26744_out_ligand_01.mol2"
"28780_out_ligand_01",7605,".mol2","28780_out_ligand_01.mol2"
"74963_out_ligand_01",7605,".mol2","74963_out_ligand_01.mol2"
"tr13256_out_ligand_01",7604,".mol2","tr13256_out_ligand_01.mol2"
"34204_out_ligand_01",7603,".mol2","34204_out_ligand_01.mol2"
"68722_out_ligand_01",7602,".mol2","68722_out_ligand_01.mol2"
"40112_out_ligand_01",7601,".mol2","40112_out_ligand_01.mol2"
"28577_out_ligand_01",7600,".mol2","28577_out_ligand_01.mol2"
"52538_out_ligand_01",7600,".mol2","52538_out_ligand_01.mol2"
"84158_out_ligand_01",7599,".mol2","84158_out_ligand_01.mol2"
"20246_out_ligand_01",7599,".mol2","20246_out_ligand_01.mol2"
"66900_out_ligand_01",7599,".mol2","66900_out_ligand_01.mol2"
"28785_out_ligand_01",7599,".mol2","28785_out_ligand_01.mol2"
"25934_out_ligand_01",7597,".mol2","25934_out_ligand_01.mol2"
"28597_out_ligand_01",7595,".mol2","28597_out_ligand_01.mol2"
"tr13578_out_ligand_01",7595,".mol2","tr13578_out_ligand_01.mol2"
"72880_out_ligand_01",7595,".mol2","72880_out_ligand_01.mol2"
"35904_out_ligand_01",7594,".mol2","35904_out_ligand_01.mol2"
"tr13737_out_ligand_01",7593,".mol2","tr13737_out_ligand_01.mol2"
"52540_out_ligand_01",7593,".mol2","52540_out_ligand_01.mol2"
"65271_out_ligand_01",7593,".mol2","65271_out_ligand_01.mol2"
"3101_out_ligand_01",7591,".mol2","3101_out_ligand_01.mol2"
"tr13758_out_ligand_01",7590,".mol2","tr13758_out_ligand_01.mol2"
"59155_out_ligand_01",7590,".mol2","59155_out_ligand_01.mol2"
"tr13350_out_ligand_01",7590,".mol2","tr13350_out_ligand_01.mol2"
"33868_out_ligand_01",7588,".mol2","33868_out_ligand_01.mol2"
"68289_out_ligand_01",7588,".mol2","68289_out_ligand_01.mol2"
"7045_out_ligand_01",7588,".mol2","7045_out_ligand_01.mol2"
"tr13580_out_ligand_01",7588,".mol2","tr13580_out_ligand_01.mol2"
"38406_out_ligand_01",7587,".mol2","38406_out_ligand_01.mol2"
"6749_out_ligand_01",7587,".mol2","6749_out_ligand_01.mol2"
"33782_out_ligand_01",7586,".mol2","33782_out_ligand_01.mol2"
"33970_out_ligand_01",7585,".mol2","33970_out_ligand_01.mol2"
"30605_out_ligand_01",7585,".mol2","30605_out_ligand_01.mol2"
"74649_out_ligand_01",7585,".mol2","74649_out_ligand_01.mol2"
"58893_out_ligand_01",7584,".mol2","58893_out_ligand_01.mol2"
"80811_out_ligand_01",7582,".mol2","80811_out_ligand_01.mol2"
"12474_out_ligand_01",7581,".mol2","12474_out_ligand_01.mol2"
"22645_out_ligand_01",7581,".mol2","22645_out_ligand_01.mol2"
"28574_out_ligand_01",7581,".mol2","28574_out_ligand_01.mol2"
"22803_out_ligand_01",7580,".mol2","22803_out_ligand_01.mol2"
"29223_out_ligand_01",7579,".mol2","29223_out_ligand_01.mol2"
"318_out_ligand_01",7578,".mol2","318_out_ligand_01.mol2"
"80410_out_ligand_01",7577,".mol2","80410_out_ligand_01.mol2"
"30399_out_ligand_01",7576,".mol2","30399_out_ligand_01.mol2"
"67974_out_ligand_01",7576,".mol2","67974_out_ligand_01.mol2"
"60424_out_ligand_01",7576,".mol2","60424_out_ligand_01.mol2"
"30536_out_ligand_01",7575,".mol2","30536_out_ligand_01.mol2"
"22932_out_ligand_01",7575,".mol2","22932_out_ligand_01.mol2"
"52096_out_ligand_01",7574,".mol2","52096_out_ligand_01.mol2"
"24511_out_ligand_01",7574,".mol2","24511_out_ligand_01.mol2"
"3582_out_ligand_01",7574,".mol2","3582_out_ligand_01.mol2"
"12673_out_ligand_01",7573,".mol2","12673_out_ligand_01.mol2"
"44376_out_ligand_01",7573,".mol2","44376_out_ligand_01.mol2"
"30615_out_ligand_01",7573,".mol2","30615_out_ligand_01.mol2"
"83647_out_ligand_01",7573,".mol2","83647_out_ligand_01.mol2"
"79541_out_ligand_01",7572,".mol2","79541_out_ligand_01.mol2"
"31559_out_ligand_01",7572,".mol2","31559_out_ligand_01.mol2"
"51729_out_ligand_01",7572,".mol2","51729_out_ligand_01.mol2"
"63657_out_ligand_01",7570,".mol2","63657_out_ligand_01.mol2"
"3215_out_ligand_01",7569,".mol2","3215_out_ligand_01.mol2"
"13262_out_ligand_01",7569,".mol2","13262_out_ligand_01.mol2"
"52550_out_ligand_01",7568,".mol2","52550_out_ligand_01.mol2"
"42501_out_ligand_01",7567,".mol2","42501_out_ligand_01.mol2"
"34494_out_ligand_01",7567,".mol2","34494_out_ligand_01.mol2"
"43589_out_ligand_01",7567,".mol2","43589_out_ligand_01.mol2"
"35703_out_ligand_01",7566,".mol2","35703_out_ligand_01.mol2"
"51404_out_ligand_01",7563,".mol2","51404_out_ligand_01.mol2"
"65329_out_ligand_01",7563,".mol2","65329_out_ligand_01.mol2"
"45223_out_ligand_01",7563,".mol2","45223_out_ligand_01.mol2"
"1899_out_ligand_01",7562,".mol2","1899_out_ligand_01.mol2"
"43399_out_ligand_01",7562,".mol2","43399_out_ligand_01.mol2"
"tr1336_out_ligand_01",7562,".mol2","tr1336_out_ligand_01.mol2"
"81516_out_ligand_01",7562,".mol2","81516_out_ligand_01.mol2"
"27986_out_ligand_01",7561,".mol2","27986_out_ligand_01.mol2"
"80107_out_ligand_01",7561,".mol2","80107_out_ligand_01.mol2"
"9112_out_ligand_01",7561,".mol2","9112_out_ligand_01.mol2"
"33783_out_ligand_01",7560,".mol2","33783_out_ligand_01.mol2"
"28584_out_ligand_01",7559,".mol2","28584_out_ligand_01.mol2"
"20666_out_ligand_01",7559,".mol2","20666_out_ligand_01.mol2"
"33723_out_ligand_01",7559,".mol2","33723_out_ligand_01.mol2"
"79521_out_ligand_01",7558,".mol2","79521_out_ligand_01.mol2"
"68355_out_ligand_01",7558,".mol2","68355_out_ligand_01.mol2"
"74774_out_ligand_01",7558,".mol2","74774_out_ligand_01.mol2"
"29365_out_ligand_01",7557,".mol2","29365_out_ligand_01.mol2"
"57290_out_ligand_01",7556,".mol2","57290_out_ligand_01.mol2"
"15351_out_ligand_01",7556,".mol2","15351_out_ligand_01.mol2"
"22813_out_ligand_01",7556,".mol2","22813_out_ligand_01.mol2"
"14397_out_ligand_01",7554,".mol2","14397_out_ligand_01.mol2"
"1872_out_ligand_01",7553,".mol2","1872_out_ligand_01.mol2"
"1859_out_ligand_01",7553,".mol2","1859_out_ligand_01.mol2"
"76276_out_ligand_01",7553,".mol2","76276_out_ligand_01.mol2"
"49204_out_ligand_01",7553,".mol2","49204_out_ligand_01.mol2"
"19278_out_ligand_01",7553,".mol2","19278_out_ligand_01.mol2"
"27039_out_ligand_01",7553,".mol2","27039_out_ligand_01.mol2"
"44796_out_ligand_01",7552,".mol2","44796_out_ligand_01.mol2"
"78171_out_ligand_01",7551,".mol2","78171_out_ligand_01.mol2"
"71946_out_ligand_01",7551,".mol2","71946_out_ligand_01.mol2"
"46894_out_ligand_01",7550,".mol2","46894_out_ligand_01.mol2"
"15366_out_ligand_01",7550,".mol2","15366_out_ligand_01.mol2"
"67879_out_ligand_01",7549,".mol2","67879_out_ligand_01.mol2"
"36031_out_ligand_01",7548,".mol2","36031_out_ligand_01.mol2"
"46862_out_ligand_01",7548,".mol2","46862_out_ligand_01.mol2"
"9734_out_ligand_01",7548,".mol2","9734_out_ligand_01.mol2"
"39660_out_ligand_01",7547,".mol2","39660_out_ligand_01.mol2"
"76679_out_ligand_01",7547,".mol2","76679_out_ligand_01.mol2"
"47115_out_ligand_01",7547,".mol2","47115_out_ligand_01.mol2"
"33675_out_ligand_01",7547,".mol2","33675_out_ligand_01.mol2"
"76633_out_ligand_01",7547,".mol2","76633_out_ligand_01.mol2"
"35674_out_ligand_01",7547,".mol2","35674_out_ligand_01.mol2"
"15619_out_ligand_01",7545,".mol2","15619_out_ligand_01.mol2"
"20062_out_ligand_01",7545,".mol2","20062_out_ligand_01.mol2"
"45036_out_ligand_01",7542,".mol2","45036_out_ligand_01.mol2"
"28616_out_ligand_01",7542,".mol2","28616_out_ligand_01.mol2"
"18072_out_ligand_01",7542,".mol2","18072_out_ligand_01.mol2"
"30653_out_ligand_01",7541,".mol2","30653_out_ligand_01.mol2"
"74973_out_ligand_01",7540,".mol2","74973_out_ligand_01.mol2"
"30667_out_ligand_01",7540,".mol2","30667_out_ligand_01.mol2"
"14422_out_ligand_01",7540,".mol2","14422_out_ligand_01.mol2"
"32487_out_ligand_01",7540,".mol2","32487_out_ligand_01.mol2"
"49634_out_ligand_01",7539,".mol2","49634_out_ligand_01.mol2"
"3204_out_ligand_01",7539,".mol2","3204_out_ligand_01.mol2"
"15712_out_ligand_01",7538,".mol2","15712_out_ligand_01.mol2"
"73038_out_ligand_01",7538,".mol2","73038_out_ligand_01.mol2"
"5022_out_ligand_01",7538,".mol2","5022_out_ligand_01.mol2"
"51516_out_ligand_01",7538,".mol2","51516_out_ligand_01.mol2"
"14378_out_ligand_01",7538,".mol2","14378_out_ligand_01.mol2"
"43719_out_ligand_01",7537,".mol2","43719_out_ligand_01.mol2"
"37012_out_ligand_01",7537,".mol2","37012_out_ligand_01.mol2"
"41715_out_ligand_01",7537,".mol2","41715_out_ligand_01.mol2"
"52226_out_ligand_01",7536,".mol2","52226_out_ligand_01.mol2"
"14577_out_ligand_01",7536,".mol2","14577_out_ligand_01.mol2"
"45609_out_ligand_01",7536,".mol2","45609_out_ligand_01.mol2"
"26737_out_ligand_01",7535,".mol2","26737_out_ligand_01.mol2"
"tr13739_out_ligand_01",7535,".mol2","tr13739_out_ligand_01.mol2"
"23075_out_ligand_01",7534,".mol2","23075_out_ligand_01.mol2"
"23012_out_ligand_01",7534,".mol2","23012_out_ligand_01.mol2"
"16676_out_ligand_01",7534,".mol2","16676_out_ligand_01.mol2"
"64797_out_ligand_01",7534,".mol2","64797_out_ligand_01.mol2"
"22810_out_ligand_01",7531,".mol2","22810_out_ligand_01.mol2"
"30639_out_ligand_01",7530,".mol2","30639_out_ligand_01.mol2"
"43433_out_ligand_01",7530,".mol2","43433_out_ligand_01.mol2"
"76408_out_ligand_01",7530,".mol2","76408_out_ligand_01.mol2"
"76381_out_ligand_01",7529,".mol2","76381_out_ligand_01.mol2"
"52968_out_ligand_01",7528,".mol2","52968_out_ligand_01.mol2"
"17002_out_ligand_01",7528,".mol2","17002_out_ligand_01.mol2"
"22886_out_ligand_01",7527,".mol2","22886_out_ligand_01.mol2"
"80006_out_ligand_01",7527,".mol2","80006_out_ligand_01.mol2"
"84406_out_ligand_01",7527,".mol2","84406_out_ligand_01.mol2"
"1381_out_ligand_01",7526,".mol2","1381_out_ligand_01.mol2"
"61042_out_ligand_01",7526,".mol2","61042_out_ligand_01.mol2"
"57284_out_ligand_01",7526,".mol2","57284_out_ligand_01.mol2"
"40305_out_ligand_01",7525,".mol2","40305_out_ligand_01.mol2"
"63855_out_ligand_01",7525,".mol2","63855_out_ligand_01.mol2"
"7134_out_ligand_01",7524,".mol2","7134_out_ligand_01.mol2"
"2941_out_ligand_01",7524,".mol2","2941_out_ligand_01.mol2"
"80127_out_ligand_01",7524,".mol2","80127_out_ligand_01.mol2"
"64548_out_ligand_01",7523,".mol2","64548_out_ligand_01.mol2"
"19595_out_ligand_01",7523,".mol2","19595_out_ligand_01.mol2"
"30344_out_ligand_01",7523,".mol2","30344_out_ligand_01.mol2"
"70383_out_ligand_01",7523,".mol2","70383_out_ligand_01.mol2"
"1525_out_ligand_01",7523,".mol2","1525_out_ligand_01.mol2"
"30485_out_ligand_01",7522,".mol2","30485_out_ligand_01.mol2"
"9102_out_ligand_01",7522,".mol2","9102_out_ligand_01.mol2"
"14952_out_ligand_01",7522,".mol2","14952_out_ligand_01.mol2"
"12994_out_ligand_01",7521,".mol2","12994_out_ligand_01.mol2"
"28521_out_ligand_01",7521,".mol2","28521_out_ligand_01.mol2"
"52560_out_ligand_01",7520,".mol2","52560_out_ligand_01.mol2"
"36668_out_ligand_01",7519,".mol2","36668_out_ligand_01.mol2"
"4771_out_ligand_01",7519,".mol2","4771_out_ligand_01.mol2"
"64790_out_ligand_01",7519,".mol2","64790_out_ligand_01.mol2"
"57000_out_ligand_01",7518,".mol2","57000_out_ligand_01.mol2"
"35752_out_ligand_01",7518,".mol2","35752_out_ligand_01.mol2"
"16913_out_ligand_01",7518,".mol2","16913_out_ligand_01.mol2"
"72743_out_ligand_01",7518,".mol2","72743_out_ligand_01.mol2"
"83254_out_ligand_01",7517,".mol2","83254_out_ligand_01.mol2"
"67045_out_ligand_01",7517,".mol2","67045_out_ligand_01.mol2"
"24662_out_ligand_01",7517,".mol2","24662_out_ligand_01.mol2"
"43336_out_ligand_01",7516,".mol2","43336_out_ligand_01.mol2"
"24053_out_ligand_01",7516,".mol2","24053_out_ligand_01.mol2"
"79516_out_ligand_01",7516,".mol2","79516_out_ligand_01.mol2"
"26862_out_ligand_01",7515,".mol2","26862_out_ligand_01.mol2"
"71858_out_ligand_01",7514,".mol2","71858_out_ligand_01.mol2"
"13350_out_ligand_01",7514,".mol2","13350_out_ligand_01.mol2"
"66737_out_ligand_01",7514,".mol2","66737_out_ligand_01.mol2"
"76629_out_ligand_01",7513,".mol2","76629_out_ligand_01.mol2"
"17398_out_ligand_01",7513,".mol2","17398_out_ligand_01.mol2"
"15101_out_ligand_01",7512,".mol2","15101_out_ligand_01.mol2"
"4839_out_ligand_01",7512,".mol2","4839_out_ligand_01.mol2"
"30655_out_ligand_01",7512,".mol2","30655_out_ligand_01.mol2"
"76374_out_ligand_01",7512,".mol2","76374_out_ligand_01.mol2"
"9736_out_ligand_01",7512,".mol2","9736_out_ligand_01.mol2"
"6858_out_ligand_01",7511,".mol2","6858_out_ligand_01.mol2"
"76875_out_ligand_01",7511,".mol2","76875_out_ligand_01.mol2"
"3916_out_ligand_01",7511,".mol2","3916_out_ligand_01.mol2"
"9201_out_ligand_01",7510,".mol2","9201_out_ligand_01.mol2"
"15143_out_ligand_01",7510,".mol2","15143_out_ligand_01.mol2"
"3051_out_ligand_01",7509,".mol2","3051_out_ligand_01.mol2"
"45134_out_ligand_01",7509,".mol2","45134_out_ligand_01.mol2"
"43158_out_ligand_01",7508,".mol2","43158_out_ligand_01.mol2"
"41066_out_ligand_01",7507,".mol2","41066_out_ligand_01.mol2"
"48942_out_ligand_01",7507,".mol2","48942_out_ligand_01.mol2"
"19763_out_ligand_01",7507,".mol2","19763_out_ligand_01.mol2"
"62291_out_ligand_01",7507,".mol2","62291_out_ligand_01.mol2"
"67527_out_ligand_01",7505,".mol2","67527_out_ligand_01.mol2"
"41430_out_ligand_01",7505,".mol2","41430_out_ligand_01.mol2"
"3319_out_ligand_01",7504,".mol2","3319_out_ligand_01.mol2"
"65969_out_ligand_01",7504,".mol2","65969_out_ligand_01.mol2"
"18784_out_ligand_01",7503,".mol2","18784_out_ligand_01.mol2"
"64727_out_ligand_01",7503,".mol2","64727_out_ligand_01.mol2"
"16181_out_ligand_01",7501,".mol2","16181_out_ligand_01.mol2"
"42333_out_ligand_01",7501,".mol2","42333_out_ligand_01.mol2"
"52607_out_ligand_01",7501,".mol2","52607_out_ligand_01.mol2"
"77757_out_ligand_01",7500,".mol2","77757_out_ligand_01.mol2"
"52897_out_ligand_01",7500,".mol2","52897_out_ligand_01.mol2"
"81889_out_ligand_01",7499,".mol2","81889_out_ligand_01.mol2"
"83870_out_ligand_01",7499,".mol2","83870_out_ligand_01.mol2"
"64850_out_ligand_01",7498,".mol2","64850_out_ligand_01.mol2"
"35362_out_ligand_01",7498,".mol2","35362_out_ligand_01.mol2"
"31010_out_ligand_01",7498,".mol2","31010_out_ligand_01.mol2"
"83307_out_ligand_01",7498,".mol2","83307_out_ligand_01.mol2"
"27711_out_ligand_01",7498,".mol2","27711_out_ligand_01.mol2"
"9738_out_ligand_01",7497,".mol2","9738_out_ligand_01.mol2"
"528_out_ligand_01",7495,".mol2","528_out_ligand_01.mol2"
"20061_out_ligand_01",7495,".mol2","20061_out_ligand_01.mol2"
"53833_out_ligand_01",7495,".mol2","53833_out_ligand_01.mol2"
"60401_out_ligand_01",7495,".mol2","60401_out_ligand_01.mol2"
"28570_out_ligand_01",7494,".mol2","28570_out_ligand_01.mol2"
"1618_out_ligand_01",7494,".mol2","1618_out_ligand_01.mol2"
"44602_out_ligand_01",7493,".mol2","44602_out_ligand_01.mol2"
"33915_out_ligand_01",7493,".mol2","33915_out_ligand_01.mol2"
"13694_out_ligand_01",7493,".mol2","13694_out_ligand_01.mol2"
"16605_out_ligand_01",7493,".mol2","16605_out_ligand_01.mol2"
"tr13581_out_ligand_01",7492,".mol2","tr13581_out_ligand_01.mol2"
"84139_out_ligand_01",7491,".mol2","84139_out_ligand_01.mol2"
"10131_out_ligand_01",7491,".mol2","10131_out_ligand_01.mol2"
"24553_out_ligand_01",7491,".mol2","24553_out_ligand_01.mol2"
"40668_out_ligand_01",7490,".mol2","40668_out_ligand_01.mol2"
"5235_out_ligand_01",7490,".mol2","5235_out_ligand_01.mol2"
"12654_out_ligand_01",7490,".mol2","12654_out_ligand_01.mol2"
"29340_out_ligand_01",7490,".mol2","29340_out_ligand_01.mol2"
"49866_out_ligand_01",7489,".mol2","49866_out_ligand_01.mol2"
"84704_out_ligand_01",7489,".mol2","84704_out_ligand_01.mol2"
"45349_out_ligand_01",7489,".mol2","45349_out_ligand_01.mol2"
"78359_out_ligand_01",7489,".mol2","78359_out_ligand_01.mol2"
"78647_out_ligand_01",7489,".mol2","78647_out_ligand_01.mol2"
"28504_out_ligand_01",7488,".mol2","28504_out_ligand_01.mol2"
"12601_out_ligand_01",7487,".mol2","12601_out_ligand_01.mol2"
"15207_out_ligand_01",7487,".mol2","15207_out_ligand_01.mol2"
"63505_out_ligand_01",7487,".mol2","63505_out_ligand_01.mol2"
"35250_out_ligand_01",7487,".mol2","35250_out_ligand_01.mol2"
"5081_out_ligand_01",7487,".mol2","5081_out_ligand_01.mol2"
"28592_out_ligand_01",7486,".mol2","28592_out_ligand_01.mol2"
"50164_out_ligand_01",7486,".mol2","50164_out_ligand_01.mol2"
"15484_out_ligand_01",7486,".mol2","15484_out_ligand_01.mol2"
"25248_out_ligand_01",7485,".mol2","25248_out_ligand_01.mol2"
"29104_out_ligand_01",7485,".mol2","29104_out_ligand_01.mol2"
"45203_out_ligand_01",7485,".mol2","45203_out_ligand_01.mol2"
"64100_out_ligand_01",7484,".mol2","64100_out_ligand_01.mol2"
"51609_out_ligand_01",7483,".mol2","51609_out_ligand_01.mol2"
"27560_out_ligand_01",7483,".mol2","27560_out_ligand_01.mol2"
"7529_out_ligand_01",7483,".mol2","7529_out_ligand_01.mol2"
"28132_out_ligand_01",7483,".mol2","28132_out_ligand_01.mol2"
"51181_out_ligand_01",7483,".mol2","51181_out_ligand_01.mol2"
"36068_out_ligand_01",7482,".mol2","36068_out_ligand_01.mol2"
"28763_out_ligand_01",7482,".mol2","28763_out_ligand_01.mol2"
"12987_out_ligand_01",7482,".mol2","12987_out_ligand_01.mol2"
"1464_out_ligand_01",7481,".mol2","1464_out_ligand_01.mol2"
"68305_out_ligand_01",7481,".mol2","68305_out_ligand_01.mol2"
"3037_out_ligand_01",7481,".mol2","3037_out_ligand_01.mol2"
"36276_out_ligand_01",7481,".mol2","36276_out_ligand_01.mol2"
"50661_out_ligand_01",7481,".mol2","50661_out_ligand_01.mol2"
"48386_out_ligand_01",7479,".mol2","48386_out_ligand_01.mol2"
"75143_out_ligand_01",7479,".mol2","75143_out_ligand_01.mol2"
"26383_out_ligand_01",7478,".mol2","26383_out_ligand_01.mol2"
"44630_out_ligand_01",7478,".mol2","44630_out_ligand_01.mol2"
"6821_out_ligand_01",7477,".mol2","6821_out_ligand_01.mol2"
"83921_out_ligand_01",7477,".mol2","83921_out_ligand_01.mol2"
"72650_out_ligand_01",7477,".mol2","72650_out_ligand_01.mol2"
"27096_out_ligand_01",7477,".mol2","27096_out_ligand_01.mol2"
"44559_out_ligand_01",7477,".mol2","44559_out_ligand_01.mol2"
"84706_out_ligand_01",7477,".mol2","84706_out_ligand_01.mol2"
"73836_out_ligand_01",7477,".mol2","73836_out_ligand_01.mol2"
"23068_out_ligand_01",7477,".mol2","23068_out_ligand_01.mol2"
"22699_out_ligand_01",7477,".mol2","22699_out_ligand_01.mol2"
"70628_out_ligand_01",7477,".mol2","70628_out_ligand_01.mol2"
"tr1395_out_ligand_01",7477,".mol2","tr1395_out_ligand_01.mol2"
"19872_out_ligand_01",7477,".mol2","19872_out_ligand_01.mol2"
"66133_out_ligand_01",7476,".mol2","66133_out_ligand_01.mol2"
"32215_out_ligand_01",7476,".mol2","32215_out_ligand_01.mol2"
"44500_out_ligand_01",7475,".mol2","44500_out_ligand_01.mol2"
"13943_out_ligand_01",7475,".mol2","13943_out_ligand_01.mol2"
"9030_out_ligand_01",7474,".mol2","9030_out_ligand_01.mol2"
"63844_out_ligand_01",7473,".mol2","63844_out_ligand_01.mol2"
"77582_out_ligand_01",7473,".mol2","77582_out_ligand_01.mol2"
"23022_out_ligand_01",7473,".mol2","23022_out_ligand_01.mol2"
"78716_out_ligand_01",7473,".mol2","78716_out_ligand_01.mol2"
"9712_out_ligand_01",7473,".mol2","9712_out_ligand_01.mol2"
"5160_out_ligand_01",7473,".mol2","5160_out_ligand_01.mol2"
"9332_out_ligand_01",7472,".mol2","9332_out_ligand_01.mol2"
"446_out_ligand_01",7472,".mol2","446_out_ligand_01.mol2"
"51448_out_ligand_01",7472,".mol2","51448_out_ligand_01.mol2"
"76388_out_ligand_01",7472,".mol2","76388_out_ligand_01.mol2"
"18481_out_ligand_01",7471,".mol2","18481_out_ligand_01.mol2"
"43185_out_ligand_01",7471,".mol2","43185_out_ligand_01.mol2"
"tr13679_out_ligand_01",7471,".mol2","tr13679_out_ligand_01.mol2"
"20844_out_ligand_01",7470,".mol2","20844_out_ligand_01.mol2"
"18559_out_ligand_01",7470,".mol2","18559_out_ligand_01.mol2"
"35779_out_ligand_01",7469,".mol2","35779_out_ligand_01.mol2"
"30002_out_ligand_01",7469,".mol2","30002_out_ligand_01.mol2"
"63185_out_ligand_01",7468,".mol2","63185_out_ligand_01.mol2"
"4089_out_ligand_01",7468,".mol2","4089_out_ligand_01.mol2"
"57475_out_ligand_01",7468,".mol2","57475_out_ligand_01.mol2"
"34139_out_ligand_01",7467,".mol2","34139_out_ligand_01.mol2"
"43278_out_ligand_01",7467,".mol2","43278_out_ligand_01.mol2"
"58357_out_ligand_01",7467,".mol2","58357_out_ligand_01.mol2"
"57543_out_ligand_01",7467,".mol2","57543_out_ligand_01.mol2"
"18771_out_ligand_01",7467,".mol2","18771_out_ligand_01.mol2"
"870_out_ligand_01",7466,".mol2","870_out_ligand_01.mol2"
"30638_out_ligand_01",7466,".mol2","30638_out_ligand_01.mol2"
"44959_out_ligand_01",7466,".mol2","44959_out_ligand_01.mol2"
"82582_out_ligand_01",7465,".mol2","82582_out_ligand_01.mol2"
"6905_out_ligand_01",7465,".mol2","6905_out_ligand_01.mol2"
"69688_out_ligand_01",7465,".mol2","69688_out_ligand_01.mol2"
"290_out_ligand_01",7464,".mol2","290_out_ligand_01.mol2"
"27614_out_ligand_01",7463,".mol2","27614_out_ligand_01.mol2"
"83477_out_ligand_01",7463,".mol2","83477_out_ligand_01.mol2"
"4677_out_ligand_01",7462,".mol2","4677_out_ligand_01.mol2"
"63375_out_ligand_01",7462,".mol2","63375_out_ligand_01.mol2"
"65720_out_ligand_01",7461,".mol2","65720_out_ligand_01.mol2"
"12663_out_ligand_01",7461,".mol2","12663_out_ligand_01.mol2"
"13000_out_ligand_01",7461,".mol2","13000_out_ligand_01.mol2"
"39613_out_ligand_01",7460,".mol2","39613_out_ligand_01.mol2"
"29235_out_ligand_01",7460,".mol2","29235_out_ligand_01.mol2"
"1673_out_ligand_01",7460,".mol2","1673_out_ligand_01.mol2"
"41848_out_ligand_01",7460,".mol2","41848_out_ligand_01.mol2"
"74663_out_ligand_01",7460,".mol2","74663_out_ligand_01.mol2"
"80432_out_ligand_01",7459,".mol2","80432_out_ligand_01.mol2"
"50186_out_ligand_01",7459,".mol2","50186_out_ligand_01.mol2"
"400_out_ligand_01",7459,".mol2","400_out_ligand_01.mol2"
"36059_out_ligand_01",7459,".mol2","36059_out_ligand_01.mol2"
"23993_out_ligand_01",7459,".mol2","23993_out_ligand_01.mol2"
"57409_out_ligand_01",7459,".mol2","57409_out_ligand_01.mol2"
"66726_out_ligand_01",7459,".mol2","66726_out_ligand_01.mol2"
"34000_out_ligand_01",7459,".mol2","34000_out_ligand_01.mol2"
"24248_out_ligand_01",7458,".mol2","24248_out_ligand_01.mol2"
"52969_out_ligand_01",7458,".mol2","52969_out_ligand_01.mol2"
"26745_out_ligand_01",7458,".mol2","26745_out_ligand_01.mol2"
"9281_out_ligand_01",7458,".mol2","9281_out_ligand_01.mol2"
"2723_out_ligand_01",7458,".mol2","2723_out_ligand_01.mol2"
"67548_out_ligand_01",7457,".mol2","67548_out_ligand_01.mol2"
"67639_out_ligand_01",7457,".mol2","67639_out_ligand_01.mol2"
"22857_out_ligand_01",7457,".mol2","22857_out_ligand_01.mol2"
"81314_out_ligand_01",7456,".mol2","81314_out_ligand_01.mol2"
"81567_out_ligand_01",7456,".mol2","81567_out_ligand_01.mol2"
"30641_out_ligand_01",7456,".mol2","30641_out_ligand_01.mol2"
"30495_out_ligand_01",7455,".mol2","30495_out_ligand_01.mol2"
"30684_out_ligand_01",7455,".mol2","30684_out_ligand_01.mol2"
"42703_out_ligand_01",7455,".mol2","42703_out_ligand_01.mol2"
"44769_out_ligand_01",7455,".mol2","44769_out_ligand_01.mol2"
"tr13177_out_ligand_01",7454,".mol2","tr13177_out_ligand_01.mol2"
"75352_out_ligand_01",7454,".mol2","75352_out_ligand_01.mol2"
"67528_out_ligand_01",7454,".mol2","67528_out_ligand_01.mol2"
"20862_out_ligand_01",7454,".mol2","20862_out_ligand_01.mol2"
"4844_out_ligand_01",7454,".mol2","4844_out_ligand_01.mol2"
"25491_out_ligand_01",7453,".mol2","25491_out_ligand_01.mol2"
"25108_out_ligand_01",7453,".mol2","25108_out_ligand_01.mol2"
"15840_out_ligand_01",7453,".mol2","15840_out_ligand_01.mol2"
"81606_out_ligand_01",7453,".mol2","81606_out_ligand_01.mol2"
"74893_out_ligand_01",7453,".mol2","74893_out_ligand_01.mol2"
"15490_out_ligand_01",7453,".mol2","15490_out_ligand_01.mol2"
"1729_out_ligand_01",7453,".mol2","1729_out_ligand_01.mol2"
"71043_out_ligand_01",7452,".mol2","71043_out_ligand_01.mol2"
"20063_out_ligand_01",7452,".mol2","20063_out_ligand_01.mol2"
"47967_out_ligand_01",7452,".mol2","47967_out_ligand_01.mol2"
"49474_out_ligand_01",7452,".mol2","49474_out_ligand_01.mol2"
"30217_out_ligand_01",7452,".mol2","30217_out_ligand_01.mol2"
"9270_out_ligand_01",7451,".mol2","9270_out_ligand_01.mol2"
"41068_out_ligand_01",7451,".mol2","41068_out_ligand_01.mol2"
"7034_out_ligand_01",7451,".mol2","7034_out_ligand_01.mol2"
"50314_out_ligand_01",7450,".mol2","50314_out_ligand_01.mol2"
"18278_out_ligand_01",7450,".mol2","18278_out_ligand_01.mol2"
"9192_out_ligand_01",7450,".mol2","9192_out_ligand_01.mol2"
"62239_out_ligand_01",7450,".mol2","62239_out_ligand_01.mol2"
"60732_out_ligand_01",7449,".mol2","60732_out_ligand_01.mol2"
"24995_out_ligand_01",7449,".mol2","24995_out_ligand_01.mol2"
"36096_out_ligand_01",7449,".mol2","36096_out_ligand_01.mol2"
"53595_out_ligand_01",7449,".mol2","53595_out_ligand_01.mol2"
"34373_out_ligand_01",7449,".mol2","34373_out_ligand_01.mol2"
"15918_out_ligand_01",7448,".mol2","15918_out_ligand_01.mol2"
"30145_out_ligand_01",7448,".mol2","30145_out_ligand_01.mol2"
"44150_out_ligand_01",7448,".mol2","44150_out_ligand_01.mol2"
"16985_out_ligand_01",7448,".mol2","16985_out_ligand_01.mol2"
"24177_out_ligand_01",7448,".mol2","24177_out_ligand_01.mol2"
"47123_out_ligand_01",7448,".mol2","47123_out_ligand_01.mol2"
"18905_out_ligand_01",7448,".mol2","18905_out_ligand_01.mol2"
"19940_out_ligand_01",7447,".mol2","19940_out_ligand_01.mol2"
"21787_out_ligand_01",7447,".mol2","21787_out_ligand_01.mol2"
"37119_out_ligand_01",7447,".mol2","37119_out_ligand_01.mol2"
"44510_out_ligand_01",7447,".mol2","44510_out_ligand_01.mol2"
"2025_out_ligand_01",7447,".mol2","2025_out_ligand_01.mol2"
"12850_out_ligand_01",7446,".mol2","12850_out_ligand_01.mol2"
"50244_out_ligand_01",7446,".mol2","50244_out_ligand_01.mol2"
"56349_out_ligand_01",7446,".mol2","56349_out_ligand_01.mol2"
"21795_out_ligand_01",7446,".mol2","21795_out_ligand_01.mol2"
"76248_out_ligand_01",7446,".mol2","76248_out_ligand_01.mol2"
"5803_out_ligand_01",7445,".mol2","5803_out_ligand_01.mol2"
"83280_out_ligand_01",7445,".mol2","83280_out_ligand_01.mol2"
"28130_out_ligand_01",7444,".mol2","28130_out_ligand_01.mol2"
"51509_out_ligand_01",7444,".mol2","51509_out_ligand_01.mol2"
"66773_out_ligand_01",7444,".mol2","66773_out_ligand_01.mol2"
"48808_out_ligand_01",7444,".mol2","48808_out_ligand_01.mol2"
"417_out_ligand_01",7444,".mol2","417_out_ligand_01.mol2"
"18626_out_ligand_01",7443,".mol2","18626_out_ligand_01.mol2"
"8051_out_ligand_01",7443,".mol2","8051_out_ligand_01.mol2"
"6353_out_ligand_01",7443,".mol2","6353_out_ligand_01.mol2"
"26989_out_ligand_01",7443,".mol2","26989_out_ligand_01.mol2"
"3963_out_ligand_01",7443,".mol2","3963_out_ligand_01.mol2"
"43516_out_ligand_01",7442,".mol2","43516_out_ligand_01.mol2"
"27569_out_ligand_01",7442,".mol2","27569_out_ligand_01.mol2"
"53507_out_ligand_01",7442,".mol2","53507_out_ligand_01.mol2"
"47142_out_ligand_01",7442,".mol2","47142_out_ligand_01.mol2"
"36476_out_ligand_01",7442,".mol2","36476_out_ligand_01.mol2"
"tr13124_out_ligand_01",7442,".mol2","tr13124_out_ligand_01.mol2"
"65887_out_ligand_01",7442,".mol2","65887_out_ligand_01.mol2"
"20064_out_ligand_01",7442,".mol2","20064_out_ligand_01.mol2"
"19228_out_ligand_01",7441,".mol2","19228_out_ligand_01.mol2"
"21925_out_ligand_01",7441,".mol2","21925_out_ligand_01.mol2"
"1429_out_ligand_01",7440,".mol2","1429_out_ligand_01.mol2"
"30646_out_ligand_01",7440,".mol2","30646_out_ligand_01.mol2"
"67113_out_ligand_01",7440,".mol2","67113_out_ligand_01.mol2"
"76903_out_ligand_01",7440,".mol2","76903_out_ligand_01.mol2"
"62297_out_ligand_01",7440,".mol2","62297_out_ligand_01.mol2"
"46475_out_ligand_01",7440,".mol2","46475_out_ligand_01.mol2"
"42127_out_ligand_01",7439,".mol2","42127_out_ligand_01.mol2"
"259_out_ligand_01",7439,".mol2","259_out_ligand_01.mol2"
"5159_out_ligand_01",7439,".mol2","5159_out_ligand_01.mol2"
"26924_out_ligand_01",7439,".mol2","26924_out_ligand_01.mol2"
"3241_out_ligand_01",7438,".mol2","3241_out_ligand_01.mol2"
"14389_out_ligand_01",7438,".mol2","14389_out_ligand_01.mol2"
"59029_out_ligand_01",7438,".mol2","59029_out_ligand_01.mol2"
"72145_out_ligand_01",7438,".mol2","72145_out_ligand_01.mol2"
"63803_out_ligand_01",7438,".mol2","63803_out_ligand_01.mol2"
"16183_out_ligand_01",7437,".mol2","16183_out_ligand_01.mol2"
"70509_out_ligand_01",7437,".mol2","70509_out_ligand_01.mol2"
"64621_out_ligand_01",7437,".mol2","64621_out_ligand_01.mol2"
"74824_out_ligand_01",7436,".mol2","74824_out_ligand_01.mol2"
"12281_out_ligand_01",7436,".mol2","12281_out_ligand_01.mol2"
"72693_out_ligand_01",7436,".mol2","72693_out_ligand_01.mol2"
"57703_out_ligand_01",7435,".mol2","57703_out_ligand_01.mol2"
"78696_out_ligand_01",7435,".mol2","78696_out_ligand_01.mol2"
"784_out_ligand_01",7435,".mol2","784_out_ligand_01.mol2"
"84394_out_ligand_01",7434,".mol2","84394_out_ligand_01.mol2"
"34378_out_ligand_01",7434,".mol2","34378_out_ligand_01.mol2"
"52265_out_ligand_01",7434,".mol2","52265_out_ligand_01.mol2"
"22811_out_ligand_01",7433,".mol2","22811_out_ligand_01.mol2"
"35485_out_ligand_01",7433,".mol2","35485_out_ligand_01.mol2"
"7988_out_ligand_01",7433,".mol2","7988_out_ligand_01.mol2"
"20025_out_ligand_01",7433,".mol2","20025_out_ligand_01.mol2"
"9730_out_ligand_01",7433,".mol2","9730_out_ligand_01.mol2"
"77662_out_ligand_01",7433,".mol2","77662_out_ligand_01.mol2"
"20423_out_ligand_01",7433,".mol2","20423_out_ligand_01.mol2"
"81041_out_ligand_01",7433,".mol2","81041_out_ligand_01.mol2"
"70461_out_ligand_01",7433,".mol2","70461_out_ligand_01.mol2"
"50013_out_ligand_01",7433,".mol2","50013_out_ligand_01.mol2"
"84403_out_ligand_01",7433,".mol2","84403_out_ligand_01.mol2"
"63409_out_ligand_01",7433,".mol2","63409_out_ligand_01.mol2"
"49438_out_ligand_01",7433,".mol2","49438_out_ligand_01.mol2"
"45364_out_ligand_01",7432,".mol2","45364_out_ligand_01.mol2"
"55534_out_ligand_01",7432,".mol2","55534_out_ligand_01.mol2"
"23492_out_ligand_01",7432,".mol2","23492_out_ligand_01.mol2"
"42175_out_ligand_01",7432,".mol2","42175_out_ligand_01.mol2"
"56180_out_ligand_01",7432,".mol2","56180_out_ligand_01.mol2"
"31384_out_ligand_01",7431,".mol2","31384_out_ligand_01.mol2"
"24494_out_ligand_01",7431,".mol2","24494_out_ligand_01.mol2"
"20068_out_ligand_01",7431,".mol2","20068_out_ligand_01.mol2"
"7018_out_ligand_01",7431,".mol2","7018_out_ligand_01.mol2"
"80406_out_ligand_01",7431,".mol2","80406_out_ligand_01.mol2"
"358_out_ligand_01",7430,".mol2","358_out_ligand_01.mol2"
"74549_out_ligand_01",7430,".mol2","74549_out_ligand_01.mol2"
"34834_out_ligand_01",7429,".mol2","34834_out_ligand_01.mol2"
"40156_out_ligand_01",7429,".mol2","40156_out_ligand_01.mol2"
"78758_out_ligand_01",7429,".mol2","78758_out_ligand_01.mol2"
"33960_out_ligand_01",7429,".mol2","33960_out_ligand_01.mol2"
"7697_out_ligand_01",7428,".mol2","7697_out_ligand_01.mol2"
"20118_out_ligand_01",7428,".mol2","20118_out_ligand_01.mol2"
"22986_out_ligand_01",7428,".mol2","22986_out_ligand_01.mol2"
"38661_out_ligand_01",7427,".mol2","38661_out_ligand_01.mol2"
"49496_out_ligand_01",7427,".mol2","49496_out_ligand_01.mol2"
"54760_out_ligand_01",7427,".mol2","54760_out_ligand_01.mol2"
"33958_out_ligand_01",7427,".mol2","33958_out_ligand_01.mol2"
"15136_out_ligand_01",7427,".mol2","15136_out_ligand_01.mol2"
"52963_out_ligand_01",7427,".mol2","52963_out_ligand_01.mol2"
"19880_out_ligand_01",7427,".mol2","19880_out_ligand_01.mol2"
"69210_out_ligand_01",7427,".mol2","69210_out_ligand_01.mol2"
"26927_out_ligand_01",7427,".mol2","26927_out_ligand_01.mol2"
"18541_out_ligand_01",7427,".mol2","18541_out_ligand_01.mol2"
"9495_out_ligand_01",7426,".mol2","9495_out_ligand_01.mol2"
"41074_out_ligand_01",7426,".mol2","41074_out_ligand_01.mol2"
"74952_out_ligand_01",7426,".mol2","74952_out_ligand_01.mol2"
"56151_out_ligand_01",7426,".mol2","56151_out_ligand_01.mol2"
"563_out_ligand_01",7426,".mol2","563_out_ligand_01.mol2"
"45217_out_ligand_01",7425,".mol2","45217_out_ligand_01.mol2"
"13258_out_ligand_01",7425,".mol2","13258_out_ligand_01.mol2"
"55513_out_ligand_01",7425,".mol2","55513_out_ligand_01.mol2"
"26771_out_ligand_01",7425,".mol2","26771_out_ligand_01.mol2"
"17122_out_ligand_01",7425,".mol2","17122_out_ligand_01.mol2"
"tr13292_out_ligand_01",7425,".mol2","tr13292_out_ligand_01.mol2"
"30606_out_ligand_01",7425,".mol2","30606_out_ligand_01.mol2"
"474_out_ligand_01",7425,".mol2","474_out_ligand_01.mol2"
"72754_out_ligand_01",7424,".mol2","72754_out_ligand_01.mol2"
"67634_out_ligand_01",7424,".mol2","67634_out_ligand_01.mol2"
"19951_out_ligand_01",7424,".mol2","19951_out_ligand_01.mol2"
"2064_out_ligand_01",7424,".mol2","2064_out_ligand_01.mol2"
"24651_out_ligand_01",7424,".mol2","24651_out_ligand_01.mol2"
"674_out_ligand_01",7423,".mol2","674_out_ligand_01.mol2"
"11122_out_ligand_01",7423,".mol2","11122_out_ligand_01.mol2"
"31992_out_ligand_01",7422,".mol2","31992_out_ligand_01.mol2"
"57378_out_ligand_01",7422,".mol2","57378_out_ligand_01.mol2"
"23998_out_ligand_01",7422,".mol2","23998_out_ligand_01.mol2"
"21048_out_ligand_01",7422,".mol2","21048_out_ligand_01.mol2"
"3598_out_ligand_01",7422,".mol2","3598_out_ligand_01.mol2"
"28148_out_ligand_01",7422,".mol2","28148_out_ligand_01.mol2"
"71138_out_ligand_01",7421,".mol2","71138_out_ligand_01.mol2"
"55975_out_ligand_01",7421,".mol2","55975_out_ligand_01.mol2"
"63822_out_ligand_01",7421,".mol2","63822_out_ligand_01.mol2"
"78551_out_ligand_01",7421,".mol2","78551_out_ligand_01.mol2"
"27351_out_ligand_01",7421,".mol2","27351_out_ligand_01.mol2"
"20104_out_ligand_01",7420,".mol2","20104_out_ligand_01.mol2"
"27831_out_ligand_01",7420,".mol2","27831_out_ligand_01.mol2"
"20848_out_ligand_01",7420,".mol2","20848_out_ligand_01.mol2"
"76934_out_ligand_01",7420,".mol2","76934_out_ligand_01.mol2"
"28316_out_ligand_01",7420,".mol2","28316_out_ligand_01.mol2"
"38983_out_ligand_01",7420,".mol2","38983_out_ligand_01.mol2"
"78203_out_ligand_01",7419,".mol2","78203_out_ligand_01.mol2"
"19510_out_ligand_01",7419,".mol2","19510_out_ligand_01.mol2"
"6810_out_ligand_01",7419,".mol2","6810_out_ligand_01.mol2"
"19730_out_ligand_01",7419,".mol2","19730_out_ligand_01.mol2"
"20660_out_ligand_01",7419,".mol2","20660_out_ligand_01.mol2"
"49888_out_ligand_01",7419,".mol2","49888_out_ligand_01.mol2"
"6825_out_ligand_01",7419,".mol2","6825_out_ligand_01.mol2"
"44914_out_ligand_01",7419,".mol2","44914_out_ligand_01.mol2"
"15891_out_ligand_01",7419,".mol2","15891_out_ligand_01.mol2"
"52121_out_ligand_01",7418,".mol2","52121_out_ligand_01.mol2"
"12249_out_ligand_01",7418,".mol2","12249_out_ligand_01.mol2"
"68775_out_ligand_01",7418,".mol2","68775_out_ligand_01.mol2"
"67090_out_ligand_01",7418,".mol2","67090_out_ligand_01.mol2"
"20020_out_ligand_01",7418,".mol2","20020_out_ligand_01.mol2"
"4277_out_ligand_01",7417,".mol2","4277_out_ligand_01.mol2"
"50026_out_ligand_01",7417,".mol2","50026_out_ligand_01.mol2"
"52994_out_ligand_01",7417,".mol2","52994_out_ligand_01.mol2"
"14665_out_ligand_01",7417,".mol2","14665_out_ligand_01.mol2"
"41272_out_ligand_01",7417,".mol2","41272_out_ligand_01.mol2"
"45421_out_ligand_01",7417,".mol2","45421_out_ligand_01.mol2"
"83639_out_ligand_01",7416,".mol2","83639_out_ligand_01.mol2"
"20364_out_ligand_01",7416,".mol2","20364_out_ligand_01.mol2"
"32379_out_ligand_01",7416,".mol2","32379_out_ligand_01.mol2"
"11746_out_ligand_01",7416,".mol2","11746_out_ligand_01.mol2"
"813_out_ligand_01",7415,".mol2","813_out_ligand_01.mol2"
"32179_out_ligand_01",7415,".mol2","32179_out_ligand_01.mol2"
"35378_out_ligand_01",7415,".mol2","35378_out_ligand_01.mol2"
"1134_out_ligand_01",7415,".mol2","1134_out_ligand_01.mol2"
"73057_out_ligand_01",7414,".mol2","73057_out_ligand_01.mol2"
"60672_out_ligand_01",7414,".mol2","60672_out_ligand_01.mol2"
"33668_out_ligand_01",7414,".mol2","33668_out_ligand_01.mol2"
"24775_out_ligand_01",7414,".mol2","24775_out_ligand_01.mol2"
"4749_out_ligand_01",7414,".mol2","4749_out_ligand_01.mol2"
"53993_out_ligand_01",7413,".mol2","53993_out_ligand_01.mol2"
"53357_out_ligand_01",7413,".mol2","53357_out_ligand_01.mol2"
"6727_out_ligand_01",7413,".mol2","6727_out_ligand_01.mol2"
"22034_out_ligand_01",7413,".mol2","22034_out_ligand_01.mol2"
"9213_out_ligand_01",7413,".mol2","9213_out_ligand_01.mol2"
"15141_out_ligand_01",7413,".mol2","15141_out_ligand_01.mol2"
"66059_out_ligand_01",7412,".mol2","66059_out_ligand_01.mol2"
"19941_out_ligand_01",7412,".mol2","19941_out_ligand_01.mol2"
"81522_out_ligand_01",7412,".mol2","81522_out_ligand_01.mol2"
"45145_out_ligand_01",7412,".mol2","45145_out_ligand_01.mol2"
"82694_out_ligand_01",7411,".mol2","82694_out_ligand_01.mol2"
"80398_out_ligand_01",7411,".mol2","80398_out_ligand_01.mol2"
"9341_out_ligand_01",7411,".mol2","9341_out_ligand_01.mol2"
"20855_out_ligand_01",7411,".mol2","20855_out_ligand_01.mol2"
"tr13290_out_ligand_01",7411,".mol2","tr13290_out_ligand_01.mol2"
"15757_out_ligand_01",7411,".mol2","15757_out_ligand_01.mol2"
"72480_out_ligand_01",7411,".mol2","72480_out_ligand_01.mol2"
"52977_out_ligand_01",7411,".mol2","52977_out_ligand_01.mol2"
"79499_out_ligand_01",7411,".mol2","79499_out_ligand_01.mol2"
"15135_out_ligand_01",7411,".mol2","15135_out_ligand_01.mol2"
"70926_out_ligand_01",7411,".mol2","70926_out_ligand_01.mol2"
"45724_out_ligand_01",7410,".mol2","45724_out_ligand_01.mol2"
"20128_out_ligand_01",7410,".mol2","20128_out_ligand_01.mol2"
"691_out_ligand_01",7410,".mol2","691_out_ligand_01.mol2"
"6833_out_ligand_01",7410,".mol2","6833_out_ligand_01.mol2"
"23855_out_ligand_01",7410,".mol2","23855_out_ligand_01.mol2"
"58285_out_ligand_01",7410,".mol2","58285_out_ligand_01.mol2"
"42452_out_ligand_01",7410,".mol2","42452_out_ligand_01.mol2"
"62941_out_ligand_01",7410,".mol2","62941_out_ligand_01.mol2"
"49354_out_ligand_01",7410,".mol2","49354_out_ligand_01.mol2"
"2979_out_ligand_01",7409,".mol2","2979_out_ligand_01.mol2"
"909_out_ligand_01",7409,".mol2","909_out_ligand_01.mol2"
"65856_out_ligand_01",7409,".mol2","65856_out_ligand_01.mol2"
"67624_out_ligand_01",7409,".mol2","67624_out_ligand_01.mol2"
"13624_out_ligand_01",7409,".mol2","13624_out_ligand_01.mol2"
"7649_out_ligand_01",7409,".mol2","7649_out_ligand_01.mol2"
"40013_out_ligand_01",7409,".mol2","40013_out_ligand_01.mol2"
"74606_out_ligand_01",7409,".mol2","74606_out_ligand_01.mol2"
"48893_out_ligand_01",7409,".mol2","48893_out_ligand_01.mol2"
"53390_out_ligand_01",7409,".mol2","53390_out_ligand_01.mol2"
"60533_out_ligand_01",7408,".mol2","60533_out_ligand_01.mol2"
"77545_out_ligand_01",7408,".mol2","77545_out_ligand_01.mol2"
"19171_out_ligand_01",7408,".mol2","19171_out_ligand_01.mol2"
"50018_out_ligand_01",7408,".mol2","50018_out_ligand_01.mol2"
"78307_out_ligand_01",7408,".mol2","78307_out_ligand_01.mol2"
"44615_out_ligand_01",7407,".mol2","44615_out_ligand_01.mol2"
"75330_out_ligand_01",7407,".mol2","75330_out_ligand_01.mol2"
"19425_out_ligand_01",7407,".mol2","19425_out_ligand_01.mol2"
"6622_out_ligand_01",7407,".mol2","6622_out_ligand_01.mol2"
"50214_out_ligand_01",7406,".mol2","50214_out_ligand_01.mol2"
"77817_out_ligand_01",7406,".mol2","77817_out_ligand_01.mol2"
"63111_out_ligand_01",7406,".mol2","63111_out_ligand_01.mol2"
"56211_out_ligand_01",7406,".mol2","56211_out_ligand_01.mol2"
"7596_out_ligand_01",7406,".mol2","7596_out_ligand_01.mol2"
"199_out_ligand_01",7405,".mol2","199_out_ligand_01.mol2"
"60805_out_ligand_01",7405,".mol2","60805_out_ligand_01.mol2"
"889_out_ligand_01",7405,".mol2","889_out_ligand_01.mol2"
"53497_out_ligand_01",7405,".mol2","53497_out_ligand_01.mol2"
"67579_out_ligand_01",7405,".mol2","67579_out_ligand_01.mol2"
"46913_out_ligand_01",7405,".mol2","46913_out_ligand_01.mol2"
"32219_out_ligand_01",7405,".mol2","32219_out_ligand_01.mol2"
"13723_out_ligand_01",7405,".mol2","13723_out_ligand_01.mol2"
"81937_out_ligand_01",7405,".mol2","81937_out_ligand_01.mol2"
"42229_out_ligand_01",7405,".mol2","42229_out_ligand_01.mol2"
"15347_out_ligand_01",7404,".mol2","15347_out_ligand_01.mol2"
"45172_out_ligand_01",7404,".mol2","45172_out_ligand_01.mol2"
"7290_out_ligand_01",7404,".mol2","7290_out_ligand_01.mol2"
"75555_out_ligand_01",7404,".mol2","75555_out_ligand_01.mol2"
"76990_out_ligand_01",7404,".mol2","76990_out_ligand_01.mol2"
"52140_out_ligand_01",7403,".mol2","52140_out_ligand_01.mol2"
"80860_out_ligand_01",7403,".mol2","80860_out_ligand_01.mol2"
"56819_out_ligand_01",7403,".mol2","56819_out_ligand_01.mol2"
"40257_out_ligand_01",7403,".mol2","40257_out_ligand_01.mol2"
"27530_out_ligand_01",7402,".mol2","27530_out_ligand_01.mol2"
"54784_out_ligand_01",7402,".mol2","54784_out_ligand_01.mol2"
"2250_out_ligand_01",7401,".mol2","2250_out_ligand_01.mol2"
"70907_out_ligand_01",7401,".mol2","70907_out_ligand_01.mol2"
"63806_out_ligand_01",7401,".mol2","63806_out_ligand_01.mol2"
"60573_out_ligand_01",7401,".mol2","60573_out_ligand_01.mol2"
"7784_out_ligand_01",7401,".mol2","7784_out_ligand_01.mol2"
"12660_out_ligand_01",7401,".mol2","12660_out_ligand_01.mol2"
"83515_out_ligand_01",7401,".mol2","83515_out_ligand_01.mol2"
"75906_out_ligand_01",7401,".mol2","75906_out_ligand_01.mol2"
"42704_out_ligand_01",7401,".mol2","42704_out_ligand_01.mol2"
"34837_out_ligand_01",7401,".mol2","34837_out_ligand_01.mol2"
"1971_out_ligand_01",7400,".mol2","1971_out_ligand_01.mol2"
"4602_out_ligand_01",7400,".mol2","4602_out_ligand_01.mol2"
"7991_out_ligand_01",7400,".mol2","7991_out_ligand_01.mol2"
"26692_out_ligand_01",7400,".mol2","26692_out_ligand_01.mol2"
"6328_out_ligand_01",7400,".mol2","6328_out_ligand_01.mol2"
"22208_out_ligand_01",7400,".mol2","22208_out_ligand_01.mol2"
"52595_out_ligand_01",7400,".mol2","52595_out_ligand_01.mol2"
"84699_out_ligand_01",7400,".mol2","84699_out_ligand_01.mol2"
"66078_out_ligand_01",7400,".mol2","66078_out_ligand_01.mol2"
"65916_out_ligand_01",7400,".mol2","65916_out_ligand_01.mol2"
"56638_out_ligand_01",7399,".mol2","56638_out_ligand_01.mol2"
"19873_out_ligand_01",7399,".mol2","19873_out_ligand_01.mol2"
"36021_out_ligand_01",7399,".mol2","36021_out_ligand_01.mol2"
"25945_out_ligand_01",7399,".mol2","25945_out_ligand_01.mol2"
"14831_out_ligand_01",7399,".mol2","14831_out_ligand_01.mol2"
"76991_out_ligand_01",7399,".mol2","76991_out_ligand_01.mol2"
"64811_out_ligand_01",7399,".mol2","64811_out_ligand_01.mol2"
"38729_out_ligand_01",7398,".mol2","38729_out_ligand_01.mol2"
"521_out_ligand_01",7398,".mol2","521_out_ligand_01.mol2"
"68399_out_ligand_01",7398,".mol2","68399_out_ligand_01.mol2"
"71552_out_ligand_01",7398,".mol2","71552_out_ligand_01.mol2"
"51494_out_ligand_01",7398,".mol2","51494_out_ligand_01.mol2"
"28552_out_ligand_01",7398,".mol2","28552_out_ligand_01.mol2"
"20039_out_ligand_01",7398,".mol2","20039_out_ligand_01.mol2"
"42136_out_ligand_01",7397,".mol2","42136_out_ligand_01.mol2"
"20122_out_ligand_01",7397,".mol2","20122_out_ligand_01.mol2"
"11222_out_ligand_01",7396,".mol2","11222_out_ligand_01.mol2"
"28165_out_ligand_01",7396,".mol2","28165_out_ligand_01.mol2"
"66758_out_ligand_01",7396,".mol2","66758_out_ligand_01.mol2"
"69906_out_ligand_01",7396,".mol2","69906_out_ligand_01.mol2"
"53303_out_ligand_01",7396,".mol2","53303_out_ligand_01.mol2"
"44910_out_ligand_01",7396,".mol2","44910_out_ligand_01.mol2"
"54394_out_ligand_01",7396,".mol2","54394_out_ligand_01.mol2"
"84397_out_ligand_01",7395,".mol2","84397_out_ligand_01.mol2"
"20425_out_ligand_01",7395,".mol2","20425_out_ligand_01.mol2"
"7215_out_ligand_01",7395,".mol2","7215_out_ligand_01.mol2"
"761_out_ligand_01",7395,".mol2","761_out_ligand_01.mol2"
"56846_out_ligand_01",7395,".mol2","56846_out_ligand_01.mol2"
"80324_out_ligand_01",7394,".mol2","80324_out_ligand_01.mol2"
"83304_out_ligand_01",7394,".mol2","83304_out_ligand_01.mol2"
"20038_out_ligand_01",7394,".mol2","20038_out_ligand_01.mol2"
"64220_out_ligand_01",7394,".mol2","64220_out_ligand_01.mol2"
"49892_out_ligand_01",7394,".mol2","49892_out_ligand_01.mol2"
"40410_out_ligand_01",7394,".mol2","40410_out_ligand_01.mol2"
"13366_out_ligand_01",7394,".mol2","13366_out_ligand_01.mol2"
"57381_out_ligand_01",7393,".mol2","57381_out_ligand_01.mol2"
"38047_out_ligand_01",7393,".mol2","38047_out_ligand_01.mol2"
"19071_out_ligand_01",7393,".mol2","19071_out_ligand_01.mol2"
"20031_out_ligand_01",7393,".mol2","20031_out_ligand_01.mol2"
"28764_out_ligand_01",7393,".mol2","28764_out_ligand_01.mol2"
"7019_out_ligand_01",7392,".mol2","7019_out_ligand_01.mol2"
"38795_out_ligand_01",7392,".mol2","38795_out_ligand_01.mol2"
"77748_out_ligand_01",7392,".mol2","77748_out_ligand_01.mol2"
"8018_out_ligand_01",7392,".mol2","8018_out_ligand_01.mol2"
"15202_out_ligand_01",7392,".mol2","15202_out_ligand_01.mol2"
"12478_out_ligand_01",7392,".mol2","12478_out_ligand_01.mol2"
"42697_out_ligand_01",7392,".mol2","42697_out_ligand_01.mol2"
"83077_out_ligand_01",7391,".mol2","83077_out_ligand_01.mol2"
"299_out_ligand_01",7391,".mol2","299_out_ligand_01.mol2"
"44751_out_ligand_01",7391,".mol2","44751_out_ligand_01.mol2"
"13444_out_ligand_01",7391,".mol2","13444_out_ligand_01.mol2"
"38657_out_ligand_01",7391,".mol2","38657_out_ligand_01.mol2"
"71794_out_ligand_01",7390,".mol2","71794_out_ligand_01.mol2"
"70650_out_ligand_01",7390,".mol2","70650_out_ligand_01.mol2"
"20127_out_ligand_01",7390,".mol2","20127_out_ligand_01.mol2"
"50918_out_ligand_01",7390,".mol2","50918_out_ligand_01.mol2"
"7479_out_ligand_01",7390,".mol2","7479_out_ligand_01.mol2"
"38814_out_ligand_01",7390,".mol2","38814_out_ligand_01.mol2"
"32436_out_ligand_01",7390,".mol2","32436_out_ligand_01.mol2"
"66615_out_ligand_01",7389,".mol2","66615_out_ligand_01.mol2"
"64774_out_ligand_01",7389,".mol2","64774_out_ligand_01.mol2"
"71591_out_ligand_01",7389,".mol2","71591_out_ligand_01.mol2"
"75473_out_ligand_01",7389,".mol2","75473_out_ligand_01.mol2"
"19547_out_ligand_01",7389,".mol2","19547_out_ligand_01.mol2"
"70015_out_ligand_01",7389,".mol2","70015_out_ligand_01.mol2"
"55765_out_ligand_01",7389,".mol2","55765_out_ligand_01.mol2"
"63491_out_ligand_01",7389,".mol2","63491_out_ligand_01.mol2"
"67403_out_ligand_01",7389,".mol2","67403_out_ligand_01.mol2"
"38867_out_ligand_01",7388,".mol2","38867_out_ligand_01.mol2"
"7168_out_ligand_01",7388,".mol2","7168_out_ligand_01.mol2"
"12447_out_ligand_01",7388,".mol2","12447_out_ligand_01.mol2"
"50513_out_ligand_01",7388,".mol2","50513_out_ligand_01.mol2"
"63701_out_ligand_01",7388,".mol2","63701_out_ligand_01.mol2"
"76941_out_ligand_01",7388,".mol2","76941_out_ligand_01.mol2"
"69676_out_ligand_01",7388,".mol2","69676_out_ligand_01.mol2"
"42343_out_ligand_01",7388,".mol2","42343_out_ligand_01.mol2"
"43237_out_ligand_01",7388,".mol2","43237_out_ligand_01.mol2"
"40746_out_ligand_01",7388,".mol2","40746_out_ligand_01.mol2"
"14486_out_ligand_01",7387,".mol2","14486_out_ligand_01.mol2"
"862_out_ligand_01",7387,".mol2","862_out_ligand_01.mol2"
"53010_out_ligand_01",7387,".mol2","53010_out_ligand_01.mol2"
"58417_out_ligand_01",7387,".mol2","58417_out_ligand_01.mol2"
"14704_out_ligand_01",7387,".mol2","14704_out_ligand_01.mol2"
"2999_out_ligand_01",7387,".mol2","2999_out_ligand_01.mol2"
"34911_out_ligand_01",7387,".mol2","34911_out_ligand_01.mol2"
"19135_out_ligand_01",7387,".mol2","19135_out_ligand_01.mol2"
"45864_out_ligand_01",7386,".mol2","45864_out_ligand_01.mol2"
"53022_out_ligand_01",7386,".mol2","53022_out_ligand_01.mol2"
"6448_out_ligand_01",7386,".mol2","6448_out_ligand_01.mol2"
"623_out_ligand_01",7386,".mol2","623_out_ligand_01.mol2"
"60734_out_ligand_01",7386,".mol2","60734_out_ligand_01.mol2"
"57793_out_ligand_01",7386,".mol2","57793_out_ligand_01.mol2"
"60968_out_ligand_01",7386,".mol2","60968_out_ligand_01.mol2"
"28220_out_ligand_01",7386,".mol2","28220_out_ligand_01.mol2"
"83579_out_ligand_01",7386,".mol2","83579_out_ligand_01.mol2"
"76936_out_ligand_01",7385,".mol2","76936_out_ligand_01.mol2"
"480_out_ligand_01",7385,".mol2","480_out_ligand_01.mol2"
"38576_out_ligand_01",7385,".mol2","38576_out_ligand_01.mol2"
"10860_out_ligand_01",7385,".mol2","10860_out_ligand_01.mol2"
"64580_out_ligand_01",7385,".mol2","64580_out_ligand_01.mol2"
"4507_out_ligand_01",7385,".mol2","4507_out_ligand_01.mol2"
"46868_out_ligand_01",7385,".mol2","46868_out_ligand_01.mol2"
"70824_out_ligand_01",7384,".mol2","70824_out_ligand_01.mol2"
"35927_out_ligand_01",7384,".mol2","35927_out_ligand_01.mol2"
"81500_out_ligand_01",7384,".mol2","81500_out_ligand_01.mol2"
"17515_out_ligand_01",7384,".mol2","17515_out_ligand_01.mol2"
"19996_out_ligand_01",7384,".mol2","19996_out_ligand_01.mol2"
"31777_out_ligand_01",7384,".mol2","31777_out_ligand_01.mol2"
"39989_out_ligand_01",7384,".mol2","39989_out_ligand_01.mol2"
"7030_out_ligand_01",7384,".mol2","7030_out_ligand_01.mol2"
"76881_out_ligand_01",7383,".mol2","76881_out_ligand_01.mol2"
"63546_out_ligand_01",7383,".mol2","63546_out_ligand_01.mol2"
"78626_out_ligand_01",7383,".mol2","78626_out_ligand_01.mol2"
"47110_out_ligand_01",7383,".mol2","47110_out_ligand_01.mol2"
"74917_out_ligand_01",7383,".mol2","74917_out_ligand_01.mol2"
"64202_out_ligand_01",7383,".mol2","64202_out_ligand_01.mol2"
"50129_out_ligand_01",7383,".mol2","50129_out_ligand_01.mol2"
"67407_out_ligand_01",7383,".mol2","67407_out_ligand_01.mol2"
"83745_out_ligand_01",7383,".mol2","83745_out_ligand_01.mol2"
"50127_out_ligand_01",7383,".mol2","50127_out_ligand_01.mol2"
"50058_out_ligand_01",7383,".mol2","50058_out_ligand_01.mol2"
"9278_out_ligand_01",7383,".mol2","9278_out_ligand_01.mol2"
"30390_out_ligand_01",7382,".mol2","30390_out_ligand_01.mol2"
"29418_out_ligand_01",7382,".mol2","29418_out_ligand_01.mol2"
"71105_out_ligand_01",7382,".mol2","71105_out_ligand_01.mol2"
"42060_out_ligand_01",7382,".mol2","42060_out_ligand_01.mol2"
"43747_out_ligand_01",7382,".mol2","43747_out_ligand_01.mol2"
